#image_id;unixtime;title;username
11484;1298295479;25 years of Zelda;53
4131;1343662282;He isn't a Navy Seal but I'm proud of him.;135
25142;1349193816;So hard precious.....;270
3738;1332424526;There are quite a few fetishes being catered to here... [NSFW];311
12220;1322264686;rebbit;547
19165;1326728005;360 tea bag;624
14802;1343711877;Barbie has unrealistic body proportions;647
25778;1350657719;Yay Deutschland!;767
9482;1347560319;Off to New Zealand;767
20185;1355662009;And Now For Something Completely Different!;985
711;1351638749;Thanks to the Jersey Shore my town has become something of a national joke, but some of us live here all year long, and are hurting.;1469
18763;1349400581;Pawns can do that also..;1637
1302;1351523268;Standoff;1919
15040;1346929936;Seeing a girl's boobs for the first time.;1919
3733;1319855154;Wikipedia, secretly evil.;1919
9579;1340194591;Just a little off the top, please;2317
10319;1344484792;That's new.(x-post from r/pokemon no seriously why was it there.);2483
10290;1352086383;Gravity win.;2971
7569;1343705253;When you see it;4246
21576;1346814658;Getting an upvote on reddit.;4510
9863;1339930541;Presidential;4510
6665;1325232529;mesmerizing taco;6473
8829;1323675208;Herro;6473
3240;1298066081;What a shitty job.;10304
3799;1332081903;Ballerina;13535
10749;1337704270;The guy that every girl winds up with after saying they are sick of assholes.;21007
23971;1341068974;Goron Freeman;21007
4464;1342759109;Not sure if cute or creepy;21007
12738;1350725655;15 Year old Osama Bin Laden with his family in Dublin.;70000
12938;1352859711;Dolphin Punch;70000
21069;1350348207;The comment section in r/gonewild;70000
3211;1349478148;Sad cat;70000
7051;1349233364;Gary Johnson crowd surfing;92235
1313;1339372799;I'll beat you with your own pimp.;100110
19922;1341475112;Thought I saw him somewhere...;100110
21923;1337827388;A true hero;100110
2913;1352240130;Not sure how to title it. Headline says it all;100110
1238;1351189702;Who really shot Lincoln?;101744
18354;1345757734;When someone on Reddit asks what is wrong with Nickelback.;110110
20177;1340162354;I can't even think of a title...;185139
21347;1345475978;Oh Jesus...;185139
23079;1323869559;Life Hacks;185139
2768;1316656977;Why I Don't Like Bananas;185139
45;1317001610;Patrick Star For President;185139
6830;1323869731;Kids these days;185139
17403;1350199486;Ariel.;186394
22130;1350766065;James Spader.;186394
4154;1348505606;How successful redditors must feel about acquiring karma when they make a new post.;186394
9281;1349467009;Starring John Goodman;186394
20086;1350193677;Watermelons (and other things) are delicious.;337601
6626;1355880704;I see your cat with glasses and raise you this fine feline;476899
3077;1351623559;I really hope he gets well soon.;713420
9325;1350216112;What i look like Everytime I try dancing...;718458
10600;1336749439;At first I was in awe, but then I laughed for fifteen minutes.;851314
6203;1334327127;Mind Blown?;862482
11587;1346824573;every time i try to escape reddit [GIF];976811
20663;1343551714;i dont even know what to call this (x-post from r/funny);976811
5830;1346637424;Ok.....;2016066
1001;1348012621;Bitch, I got this;2773625
20784;1352770053;Clearly the best Leeloo cosplay ever;2773625
3749;1348607884;My reaction to this NFL ref's stuff...;2773625
2300;1348537727;Scrubbin' Bubbles are real!?;7070707
12452;1349862866;tough times...;9460510
1085;1331295696;A very accurate pie chart.;13853211
6219;1349459858;My brother let me use his computer unsupervised. This is what he'll wake up to in the morning.;22955922
6593;1348101916;The Cure To Cancer Is...;30222414
1190;1344947333;Whenever someone invites me to play any sport requiring physical activity;36009955
12756;1347696089;A dried sting ray carcass;36009955
137;1350181536;Poor Kyle [FB];36009955
14121;1345117107;How I feel upvoting a sad but relevant story on r/news;36009955
15119;1346640813;Who needs an iPod when you have...;36009955
25405;1346722528;Includes an elbow! Only 49.99;36009955
4690;1347154057;dafuq........ (x-post from r/woahdude);36009955
14903;1318077771;We've all been there.;74384338
1018;1343237681;Why it probably isn't the best idea to quote the bible on Reddit.;100100100
12695;1349152931;I heard /r/wtf likes frosting.;100100100
4796;1347736810;Deer me, I'm still not sure what the elk I just watched.;100100100
2355;1348165887;Too true;398060001
7457;1343565997;Super Cat;794613825
9551;1349036837;I just realized it's my first Cakeday! This was my reaction after I checked the calendar;941626460
20009;1352923112;what the actual fucking fuck.;1001110110
12634;1338444019;I already have a PrayStation!;14152928247
12634;1346043143;Common cultural miscommunication.;14152928247
13924;1349831771;Badass;1,23457E+11
2285;1349772016;This women;1,23457E+11
3355;1332142776;Insertion Sort Rage;1,1E+12
17760;1342267884;This.;1,111E+13
18464;1348829700;What my hometown is famous for;1,111E+13
3282;1332683500;Every time my mom asks how I fixed her computer.;1,11101E+13
1784;1349877967;drowning in grass;1,10011E+15
1784;1350496690;Drowning in grass.;1,10011E+15
904;1351213471;SFW Cumshot;1,10011E+15
6252;1350913347;Since a lot of people are posting the gifs from the /wsg/ thread over on 4chan, might as well post all of them;5,92169E+16
6252;1350913950;All of the gifs from the /wsg/ Infomercial thread over on 4chan, might as well post all of them;5,92169E+16
11931;1339657130;Babe Ruth with future president George H. Bush (1948);7,8524E+16
10504;1345172540;Insanity wolf IRL?;9,85217E+19
19814;1349063827;Romney reaching out to a new demographic.;9,85217E+19
11717;1335601426;Just an amphibian WINNING an iPhone game.;---
174;1351325435;Don't be late!;---
1162;1351822325;Vandalism in Canada;-___-___-___-
9204;1335754050;I wouldn't tickle that.;_____R_____
6040;1326113825;Nailed it?;__anon__
6454;1334284463;How I feel studying for exams of subjects I have no interest in.;__anon__
299;1348171655;Mitt Romney - The Juan Percent;__C3__
13211;1357226031;Said every girl always.;__celli
18079;1324476370;So this exists...;__Demosthenes__
4997;1353356056;The best gif ever;__Rainbow__Dash__
12421;1358587248;What a guy.;__ryan
23789;1326705180;How long 500 Days of Summer should have lasted.;__ryan
9606;1331862339;Anyone else in the US Army will find this to be all too true;__TITS__
3300;1349557630;Left my monkey and dog unattended, came back to find this;__v
25020;1340389919;Popped up on the newsfeed! Want!;__waitwhat__
5808;1351247375;Took this at a party i went to;__Whitey__
4458;1348151436;Baby porcupine;_4570
15378;1349328489;Mortal Kombat Prom [x-post r/funny];_8_
10196;1348852817;Poor kitty;_Ahri_
17497;1348233567;Wish my girlfriend would do this to me;_Ahri_
2774;1347907171;How it feels trying to get a job right out of university;_Ahri_
1979;1341806291;I've never seen a picture that describes Reddit more.;_-AJ-_
1141;1333378495;Every time on the morning of my payday;_an1sh
12051;1311233082;How I feel about the heatwaves today and tomorrow;_an1sh
7811;1319111547;How I feel when I get a single upvote on Reddit...;_anonimoose_
16708;1300767544;how to commit suicide the cool way, animated .gif (no real gore it's a cartoon);_ap_2
1898;1347278713;In case of fire:;_ardently
20793;1320747606;Dear Mississppi,;_asplode_
13311;1358968340;If it fits, it ships!;_atomlib_
13311;1358968962;If I fits, I ships!;_atomlib_
1206;1347763114;Am I a terrible person for laughing at this?;_Badlands_
23108;1349063559;Best recipe ever.;_bazinga
11366;1350050043;Doesn't even have a name...;_Bishop
2278;1349985058;Passing a test you didn't study for.;_Bishop
17398;1315731218;Creepy.;_bonesmalone
16872;1324608233;Working at the office today...;_Bt
21910;1351839194;Can Disney please bring this back, now that it owns Star Wars?;_Bt
23769;1349122447;Turns out Dyson makes Gravity Hammers;_catfacts
12196;1333523860;How I feel by Wednesday afternoon...;_Chantastic_
2153;1334749640;What i've noticed about several front page posts lately;_chernozem
16088;1315843831;This is my favorite GIF on the internet.;_Collin
787;1338403392;vicious bear attack;_Collin
10939;1356797092;Absolutely Beautiful Hand Made Skeleton Fountain Pens;_Connor
5599;1356796774;Lightning on the Horizon;_Connor
21994;1322694298;Just T-Mobile's new logo;_cortex
5861;1351753864;How I feel after a long day of procrastination;_Dalek
23197;1312213938;In honor of shark week.;_danny
7703;1329902062;Don't fuck with grandma.;_DEAL_WITH_IT_
1851;1344840159;Going away to college soon? Don't forget a package of these.;_deffer_
3300;1329972054;funny monkey;_derpinator_
8078;1351538657;They spotted Sandy's center off the coast.;_dirigo_
18924;1335764256;Why I love Cyanide and Happiness.;_Discord_
4427;1338382852;How I feel when I think of a comeback to an insult two hours late;_Discord_
23327;1326021432;To everybody posting on facebook that they are back at school:;_dLo
13174;1348406981;Yeah.;_Dolan_
6558;1348495154;You all have to know;_Dolan_
1018;1354434218;Didn't see that one coming.;-_Drasher_-
10473;1318727815;Pull dammit!;_DrSpliff
16825;1315763713;....and shirt goes up.;_DrSpliff
18624;1318706716;More protective than most human parents;_DrSpliff
2070;1315764712;How I feel when I take the bus;_DrSpliff
20711;1317153123;Awesome boots!;_DrSpliff
21155;1315768557;Ey bro ... I didn't touch that bambus. I swear.;_DrSpliff
23543;1316023872;San Fransisco (1906), Photo from Airship;_DrSpliff
7726;1318707971;No. 1 reason why I love to play Airhockey with chicks;_DrSpliff
7738;1315763652;Omnomnomnomnom;_DrSpliff
7785;1325069374;Smoooooth!;_DrSpliff
8251;1315745202;Awesome slide, midget.;_DrSpliff
8305;1318706978;I'll just rub this here...;_DrSpliff
3503;1343784660;Transformizzle;_ducksauce_
8827;1346753428;Have to wake up at 4:00 AM for the next few weeks;_duncan
14433;1328496967;These little bastards....;_dustinm_
4293;1319672513;Prestige (xpost from /r/sex);_dustinm_
2628;1304487819;I know it's a repost but this lil guy really brightens my day during finals;_Eat_the_Rich_
22839;1349481380;Got a bit drunk and decided to recreate the Stingray pic with my girlfriends...;_emma_green
19703;1348350056;The greatest defender to every live.;_emordnilaP
15764;1347136225;When I realize it's my cakeday and subsequently realize I've wasted a year on reddit.;_For_Science_
15132;1326969541;What happens when you pirate your music;_galaxy_
16313;1328328035;i will be jumping over you now;_galaxy_
24605;1330856129;Lanterns being launched into the sky as a Thai tradition;_galaxy_
24612;1332305784;bioluminescent phytoplankton (x-post from r/biology);_galaxy_
6629;1331995182;plane of the galaxy;_galaxy_
9066;1358641555;It makes so much sense!;_GO_AWAY_
18583;1350157563;Baby?;_gonzo_
20625;1322621634;It's my Reddit Birthday. I don't have kids, cats, cancer, or grandparents. Here's a repost of a smoking hot lip biter though!;_HAWK_
11998;1348807762;Twilight is like Soccer...;_HeXagon_
2258;1348807778;What did you think of The Dark Knight?;_HeXagon_
2553;1347878340;Seems legit;_Hyphen_
2584;1351893576;This happens everyday I wake up.;_Ico_
17042;1316673423;They're doing it right.;_ikon
18912;1337050820;Best dinosaur gif ever;_Ingvar
2350;1343551562;oh what;_insomniac
13045;1324670655;Human Flamingo;_iWonder_
10243;1343292166;How would you feel if someone turned you on and left?;_jaimie
42;1354621455;Trying to explain 50 Shades of Gray to foreign friend of mine;_jallison_
1942;1342764647;*SPOILER* All I could think of during TDKR;_JES_
10404;1348432484;Oh Gamebryo;_Jon_
11433;1345831422;If your dog does a poo, please put it in the litter bin.;_Jon_
4798;1347274842;This is Baby Girl.;_kaixo_
4797;1340127925;What I wanted to say to every redditor when viewing new posts for the past hour.;_karma_police
3528;1315231589;Dear NASA,;_Kita_
8684;1313567243;If you really loved your children...;_Kita_
14793;1349127507;Thorgi;_kwaznizzle
16132;1349448666;Dat Back;_kwaznizzle
6033;1349160372;Proper technique;_kwaznizzle
1644;1356434481;After telling your parents you are an atheist around Christmas time...;_L0g1k_
3075;1337418703;WTF happened to Lisa Turtle?;_LanaKane_
14755;1326062900;The ultimate Atheist-Christian resource;_Leach
6707;1325675869;Pixar vs. Dreamworks;_Leach
8057;1309166779;Awwwwww Yeeeeaaaaaaa;_Linbaba_
12339;1350700732;Good Old Woolworths;_MacAttack_
3288;1346599056;GO! BLASTOISE!;_Madk
635;1308540489;The American dream.;_maggus
660;1346959066;What? never seen a bird?;_mars_
9743;1350588762;That bitch got what she deserved;_mars_
3557;1350369081;Strafing in Black Mesa;_Mattman_
23854;1352404749;She sure does love tasers!;_Merxer_
1576;1331772160;So? At least I'm not a sucker like you!;_Minnow_
9865;1338864235;I'm stocking up on glowsticks, just in case this ever happens to me.;_Minnow_
24849;1344503372;He does it so gently (x-posted from r/LotR);_Mr_Brightside_
2433;1323011934;Meanwhile at the DWB office...;_mr_Savage
13412;1352075565;Whenever i forget something i was going to post;_Mr_whats_his_face
13329;1349604403;A glorious day for the Mexican space program.;_Muad_Dib
12741;1305852321;Wu-Tang clan aint nuthin to fuck with;_mw
15779;1343166652;Slenderman;_NarwhalBacon
18567;1347099796;couch dog watches you in your sleep forever;_nghtmre
11958;1357361643;When Post Is a Link to an Article;_nich0las
6773;1346231793;A tatoo you wont regret;_Nick
2336;1347705363;This is my friends profile picture. This is also why I am friends with him.;_NOT_AGAIN_
12476;1347139272;a level 65 orca appears (x-post from /r/pokemon);_odie
25601;1339852038;That's not where fireworks go.;_oogle
3174;1314841670;...and stay down.;_oogle
3174;1314849686;...and stay down;_oogle
715;1335089696;Dance, creature. Dance.;_oogle
3545;1346093290;After discovering reddit and r/gonewild;_Order66
520;1350918460;Googled wasn't disappointed, was kind of disappointed.;_Order66
9911;1352080715;Since Vader and Iron Man are now associates......Why not?;_Order66
7399;1349377719;Every once in a while I have to look at this to put things into perspective;_Periwinkle_
12541;1341459393;College-Level Bingo;_phedex
16350;1347513584;Reddit, Meet Zeus.;_phedex
1488;1342973069;Before and After the Steam Sale;_PODS_
20212;1351002270;It's in the bag, bro!;_POLITICO
3410;1310071595;Canine fireworks;_prefs
21570;1334532884;Hasn't quite grown into cute yet;_psyFungi
1499;1322208547;Whenever the link I click on Reddit is a facebook conversation...;_pulsar
11989;1339289799;I just need a little privacy;_qtwerp_
6334;1324441672;Nope. Nope! NOPE!;_qtwerp_
15540;1349490572;This isn't mine but he's so cut i just had to share him!;_rainbow_dash
3025;1343523255;I don't want to live on this planet anymore.;_random
13108;1345623481;Longcat alien;_Reign_
1757;1345570306;What a dubstep bass drop looks like;_Reign_
5343;1345737500;First dinner at the strip club;_Reign_
20427;1333080341;Awkward Stock Photos (Album in comments);_Relevant_Username
10204;1334984994;Puffer Fish Fun;_repost_
11269;1335229862;GBJK;_repost_
11965;1335809942;Guinea Pig Pool;_repost_
13046;1340679216;Volcanic Lightning;_repost_
14197;1334984045;Crazy Insane Space Walk;_repost_
14645;1338180312;Tips To Stay Out Of Jail;_repost_
14808;1338278744;What You See vs. What Animals See;_repost_
1754;1335043918;Jacob Wants To Be Brutal;_repost_
18486;1353743989;Family Christmas;_repost_
18767;1340583102;The ThrowYo;_repost_
19325;1335010038;Our Amazing Earth;_repost_
21984;1353323363;Taco;_repost_
22170;1335471464;Amazing Parisian Door;_repost_
22551;1335133735;Cambodia;_repost_
22650;1341528741;Nope.;_repost_
24308;1342223644;MGM Kitty;_repost_
25125;1335018832;Wedgie;_repost_
269;1339568130;Fire In Zero Gravity;_repost_
2999;1334988462;This guy was told by his Homeowners Association that he couldn't fly the American flag in his yard....;_repost_
3798;1339102489;Rainbow Wave;_repost_
4711;1341772171;Oh, Youtube Comments...;_repost_
5440;1335157966;Meanwhile, In Slovakia;_repost_
6427;1335133862;Amazing Lightning In Lake Erie;_repost_
7103;1340936788;Cow Vs. Girl;_repost_
742;1342264939;Life.;_repost_
